0,0,0,0
0,0,-3,-1
0,0,-3,-1
0,0,-3,-1
0,-1,-2,-1
0,0,-2,-1
0,0,-3,-1
0,0,-2,-1
0,-1,-3,-1
0,-1,-2,-1
0,-1,-3,-1
0,-1,-3,-1
0,-1,-2,-1
0,-1,-2,-1
0,-1,-3,-1
0,-1,-2,-1
0,0,-3,-1
0,-1,-3,-1
0,-1,-3,-1
0,0,-3,-1
0,-1,-2,-1
0,-1,-2,-1
0,-1,-2,-1
23,-27,22,-26
8,-11,10,-11
9,-11,12,-12
8,-11,11,-12
9,-12,11,-12
9,-12,12,-11
9,-12,11,-12
9,-12,10,-11
9,-11,11,-11
9,-11,10,-11
9,-11,10,-11
9,-11,10,-10
9,-11,10,-10
9,-11,10,-10
9,-11,11,-10
9,-10,10,-10
9,-10,10,-11
9,-9,10,-11
9,-9,10,-11
9,-9,10,-11
3,2,0,-5
25,-24,26,-26
10,-11,11,-13
13,-13,13,-13
13,-13,14,-13
14,-13,14,-13
13,-13,14,-12
13,-12,14,-12
14,-12,14,-12
13,-12,14,-12
14,-13,14,-11
13,-13,14,-11
13,-13,14,-11
14,-13,14,-11
13,-13,14,-11
13,-12,14,-11
13,-11,14,-12
14,-11,14,-12
13,-11,14,-11
14,-10,14,-11
14,-10,14,-11
0,2,-2,-5
26,-26,28,-29
11,-11,11,-13
14,-15,15,-15
15,-16,16,-16
15,-16,16,-16
15,-16,16,-16
15,-16,16,-16
15,-16,16,-16
15,-16,16,-16
15,-16,15,-16
14,-16,16,-16
14,-16,16,-16
14,-16,16,-16
14,-16,16,-16
14,-16,16,-16
14,-16,16,-16
14,-16,16,-16
14,-16,15,-16
14,-16,15,-16
14,-16,15,-16
0,-2,3,-8
29,-28,32,-30
14,-16,14,-14
17,-18,17,-17
17,-19,17,-17
16,-18,17,-18
16,-18,16,-18
16,-17,17,-18
16,-17,17,-17
16,-17,16,-17
16,-17,16,-18
16,-17,16,-17
15,-17,16,-17
16,-17,16,-18
16,-17,16,-17
16,-17,16,-17
16,-17,16,-18
16,-17,16,-17
16,-17,16,-17
16,-16,16,-17
16,-16,16,-17
7,-1,8,-9
30,-29,31,-32
15,-16,17,-17
20,-20,21,-21
21,-21,22,-22
21,-22,22,-22
21,-21,22,-22
21,-21,22,-21
21,-21,22,-21
21,-21,21,-21
21,-21,21,-21
21,-21,21,-21
21,-21,22,-21
21,-21,22,-20
21,-21,22,-21
21,-21,22,-21
21,-21,21,-21
21,-20,21,-21
21,-21,21,-21
21,-20,21,-21
21,-20,21,-21
2,-3,8,-12
37,-34,35,-38
15,-22,18,-21
21,-29,23,-26
23,-30,24,-27
23,-29,24,-26
23,-27,23,-26
23,-26,23,-25
23,-26,23,-25
23,-25,22,-25
22,-25,22,-25
23,-25,23,-24
23,-24,23,-24
22,-25,23,-24
22,-24,23,-24
22,-24,22,-24
22,-25,22,-23
22,-25,22,-24
22,-24,22,-24
22,-24,22,-24
22,-24,22,-24
10,-11,8,-13
39,-37,40,-43
19,-23,19,-18
26,-27,27,-23
28,-27,29,-24
28,-27,29,-24
28,-26,29,-24
28,-26,29,-24
28,-26,29,-24
28,-26,29,-24
28,-25,29,-24
28,-25,29,-24
28,-25,29,-24
28,-25,29,-23
28,-24,29,-24
28,-24,29,-24
28,-25,29,-24
28,-25,29,-24
28,-25,29,-23
28,-24,29,-23
28,-24,29,-23
11,-12,15,-15
41,-40,45,-42
19,-23,21,-22
27,-29,27,-29
29,-31,29,-30
29,-31,29,-31
29,-31,29,-31
29,-31,29,-31
29,-31,29,-31
29,-31,29,-31
29,-31,29,-31
29,-31,29,-31
29,-31,29,-31
29,-31,29,-31
29,-31,29,-31
29,-31,29,-31
29,-31,29,-31
29,-31,29,-31
29,-31,29,-31
29,-31,29,-31
29,-31,29,-31
13,-16,19,-18
44,-44,48,-48
21,-23,26,-22
27,-31,35,-30
29,-32,37,-31
29,-32,37,-32
29,-32,37,-31
30,-32,37,-31
29,-32,37,-32
29,-32,37,-31
29,-31,37,-31
29,-31,37,-31
29,-31,37,-31
29,-31,37,-31
29,-31,37,-31
29,-31,37,-31
29,-31,37,-31
29,-31,37,-31
29,-31,37,-31
29,-31,37,-31
29,-31,37,-31
14,-18,21,-19
47,-47,51,-52
24,-27,25,-27
33,-36,34,-36
34,-38,36,-38
35,-39,37,-38
35,-39,37,-39
34,-39,37,-39
34,-39,37,-39
34,-39,37,-39
34,-39,37,-39
34,-39,37,-39
33,-39,37,-38
33,-39,37,-39
34,-39,37,-39
33,-39,37,-39
33,-39,37,-39
32,-39,37,-39
32,-39,37,-39
32,-39,37,-39
32,-39,37,-39
15,-18,25,-22
51,-49,54,-57
25,-29,29,-27
34,-37,40,-36
36,-39,43,-38
37,-40,43,-38
37,-40,44,-39
37,-40,44,-39
37,-40,44,-39
37,-39,44,-39
37,-39,44,-39
37,-40,44,-39
37,-40,44,-39
37,-39,44,-39
37,-39,44,-39
37,-39,44,-39
37,-39,44,-39
37,-39,44,-39
37,-39,44,-39
37,-39,44,-39
37,-39,44,-39
16,-21,26,-24
53,-52,56,-57
31,-33,28,-32
40,-43,37,-39
43,-45,39,-40
43,-45,39,-41
43,-45,39,-40
43,-46,39,-40
43,-46,39,-40
43,-46,38,-40
43,-46,38,-40
44,-46,38,-40
44,-46,38,-39
44,-46,38,-39
44,-45,38,-40
44,-45,38,-39
44,-45,38,-39
44,-45,38,-39
44,-45,38,-39
44,-45,38,-39
44,-45,38,-39
16,-21,29,-27
56,-60,60,-66
29,-30,28,-29
40,-42,40,-37
43,-45,44,-40
43,-45,44,-40
43,-46,44,-40
44,-46,44,-40
44,-46,44,-40
44,-46,44,-40
43,-46,44,-40
44,-46,44,-40
44,-46,44,-40
44,-46,44,-40
44,-46,44,-39
44,-46,44,-40
44,-46,44,-39
44,-46,44,-39
44,-46,44,-39
44,-46,44,-39
44,-46,44,-39
17,-23,31,-25
60,-60,63,-67
30,-36,29,-34
41,-48,41,-43
44,-50,43,-46
44,-50,44,-46
44,-49,44,-46
45,-49,44,-46
44,-50,44,-46
44,-49,44,-46
44,-49,44,-46
44,-49,44,-46
44,-48,44,-46
44,-48,44,-46
44,-48,44,-46
44,-48,44,-46
44,-49,44,-46
44,-48,44,-46
44,-48,44,-46
44,-47,44,-46
44,-47,44,-46
23,-23,34,-30
63,-64,64,-71
34,-36,32,-38
47,-49,46,-50
50,-52,50,-53
51,-53,51,-53
51,-53,51,-53
51,-53,51,-53
51,-53,51,-53
52,-53,51,-53
51,-53,51,-53
51,-53,51,-53
51,-53,51,-53
51,-53,51,-53
51,-53,51,-53
51,-53,51,-53
51,-53,51,-53
51,-53,51,-53
52,-53,51,-53
51,-53,51,-53
51,-53,51,-53
18,-28,33,-33
66,-66,68,-76
33,-36,35,-37
46,-50,48,-47
50,-53,51,-50
51,-54,52,-50
51,-54,52,-50
51,-54,52,-50
51,-54,52,-50
51,-54,52,-50
51,-54,52,-50
51,-54,52,-49
51,-54,52,-49
51,-54,52,-49
51,-54,52,-49
51,-54,52,-49
51,-54,52,-49
51,-54,52,-48
51,-54,52,-49
51,-54,51,-49
51,-54,51,-49
24,-31,41,-33
66,-71,69,-77
36,-37,38,-41
50,-51,54,-52
54,-54,58,-54
55,-54,59,-54
55,-54,59,-54
55,-54,59,-54
55,-54,59,-54
55,-54,59,-54
55,-55,59,-54
54,-54,59,-54
55,-54,59,-54
54,-54,59,-54
55,-54,59,-54
55,-54,59,-54
55,-54,59,-54
55,-54,59,-54
55,-54,59,-54
55,-54,59,-54
55,-54,59,-54
25,-31,42,-36
70,-70,73,-79
37,-41,39,-44
48,-56,54,-53
51,-60,58,-54
52,-61,59,-54
52,-61,59,-54
52,-61,59,-54
52,-61,59,-54
52,-61,59,-54
52,-61,59,-54
52,-61,59,-54
52,-61,59,-54
52,-61,59,-54
52,-61,59,-54
52,-61,59,-54
52,-61,59,-54
52,-61,59,-54
52,-61,59,-54
52,-61,59,-54
52,-61,59,-54
26,-32,48,-37
71,-74,75,-82
44,-42,39,-48
59,-57,54,-62
63,-60,59,-64
64,-61,60,-65
64,-61,60,-65
64,-61,60,-64
64,-62,60,-65
64,-61,60,-64
65,-61,60,-64
64,-61,60,-64
64,-61,60,-63
64,-61,60,-63
64,-61,60,-63
64,-61,60,-63
64,-61,60,-64
63,-61,60,-63
63,-61,60,-63
64,-62,60,-63
63,-61,60,-63
63,-61,60,-63
24,-37,51,-42
73,-75,76,-88
39,-48,43,-47
54,-64,54,-60
59,-68,59,-63
60,-69,59,-63
60,-69,60,-64
60,-69,60,-64
60,-69,60,-64
60,-69,60,-63
60,-69,60,-64
60,-69,60,-63
60,-69,60,-63
60,-69,60,-63
60,-69,60,-63
60,-69,60,-62
60,-69,60,-62
60,-69,60,-62
60,-69,60,-62
60,-69,60,-62
60,-68,60,-62
60,-68,60,-62
25,-33,51,-42
75,-80,80,-88
48,-49,45,-50
62,-64,61,-62
66,-68,65,-65
67,-69,66,-66
67,-69,67,-66
67,-68,67,-65
67,-68,66,-66
67,-68,66,-65
67,-68,66,-66
67,-68,66,-65
67,-68,67,-65
67,-68,66,-66
67,-68,66,-66
67,-68,66,-65
67,-68,66,-65
67,-68,66,-65
67,-68,66,-65
67,-68,66,-65
67,-68,66,-65
67,-68,66,-65
29,-40,57,-43
79,-82,81,-92
43,-52,42,-50
58,-70,59,-63
63,-75,64,-67
64,-76,66,-68
64,-76,66,-68
64,-76,66,-68
64,-76,66,-68
64,-76,66,-68
64,-76,66,-68
64,-76,66,-68
64,-76,66,-68
64,-76,66,-68
64,-76,66,-68
64,-76,66,-68
64,-76,66,-68
64,-76,66,-68
64,-76,66,-68
64,-76,66,-68
64,-76,66,-68
64,-76,66,-68
35,-42,57,-47
79,-85,85,-93
47,-52,46,-54
67,-70,65,-69
73,-74,69,-71
74,-76,70,-71
75,-76,70,-72
75,-76,69,-72
74,-76,69,-72
74,-76,69,-71
74,-76,68,-72
74,-76,69,-71
74,-76,69,-71
74,-76,68,-71
74,-76,69,-71
74,-76,69,-71
74,-76,68,-71
74,-76,68,-71
74,-76,68,-70
74,-76,68,-71
74,-76,68,-71
74,-76,68,-71
34,-43,63,-46
82,-86,86,-96
48,-56,51,-59
65,-76,67,-74
71,-82,73,-77
72,-83,74,-77
73,-84,74,-77
73,-84,74,-77
73,-84,74,-77
73,-84,74,-77
73,-84,74,-77
73,-84,74,-77
73,-84,74,-77
73,-84,74,-77
73,-84,74,-77
72,-84,74,-77
73,-84,74,-76
73,-84,74,-76
73,-84,74,-77
73,-84,75,-76
73,-84,74,-76
73,-84,74,-76
39,-44,63,-51
84,-89,88,-102
52,-58,53,-55
67,-73,72,-69
75,-79,79,-74
77,-79,81,-76
77,-80,81,-76
77,-80,81,-76
77,-80,81,-76
77,-79,81,-76
77,-79,81,-76
77,-78,81,-76
76,-79,81,-76
76,-78,81,-76
76,-78,81,-76
76,-78,81,-76
76,-77,81,-76
76,-77,81,-76
75,-77,81,-76
76,-77,81,-76
75,-77,81,-76
75,-77,81,-76
34,-47,72,-51
87,-94,90,-102
50,-62,54,-60
67,-83,72,-76
72,-88,77,-80
74,-88,78,-81
74,-88,78,-81
74,-88,78,-81
74,-88,78,-81
74,-87,77,-80
74,-88,77,-81
74,-87,77,-81
74,-86,77,-80
74,-86,77,-80
74,-86,77,-80
74,-86,77,-79
74,-86,77,-79
74,-86,77,-79
74,-86,77,-79
74,-86,77,-78
74,-86,76,-78
74,-86,76,-78
47,-50,68,-54
90,-91,93,-107
54,-58,54,-60
73,-76,73,-77
80,-82,80,-82
81,-83,81,-83
82,-84,82,-84
82,-84,82,-84
82,-84,82,-84
82,-84,82,-84
82,-84,82,-84
82,-84,82,-84
82,-84,82,-84
82,-84,82,-84
82,-84,82,-84
82,-84,82,-84
82,-84,82,-84
82,-84,82,-84
82,-84,82,-84
82,-84,82,-84
82,-84,82,-84
82,-84,82,-84
50,-52,74,-57
89,-95,95,-106
62,-63,61,-67
70,-82,75,-83
79,-89,83,-89
81,-90,84,-90
82,-91,84,-90
82,-91,84,-90
82,-91,84,-91
82,-91,84,-91
82,-91,84,-91
82,-91,84,-90
82,-91,83,-91
82,-91,83,-91
82,-91,83,-91
82,-91,83,-91
82,-91,83,-90
82,-91,83,-90
82,-91,83,-90
82,-91,83,-90
82,-91,83,-90
82,-91,83,-90
42,-52,74,-60
93,-93,96,-114
61,-69,61,-69
80,-88,72,-82
86,-95,79,-89
88,-96,81,-90
88,-97,82,-91
88,-97,82,-91
88,-97,82,-91
88,-97,82,-91
88,-96,82,-91
88,-96,82,-91
88,-96,82,-91
88,-96,82,-91
88,-97,82,-90
88,-96,82,-90
88,-96,82,-90
88,-96,82,-90
88,-96,82,-91
88,-96,82,-91
88,-96,82,-90
88,-96,82,-90
43,-55,76,-61
95,-103,100,-113
62,-68,62,-68
80,-84,79,-82
87,-92,86,-88
88,-94,88,-89
88,-94,88,-90
89,-94,89,-90
89,-94,89,-90
89,-94,89,-89
89,-94,89,-89
89,-93,89,-89
89,-93,89,-89
89,-93,89,-89
89,-94,89,-89
89,-93,89,-89
89,-93,89,-89
89,-93,89,-89
89,-93,89,-89
89,-93,89,-89
89,-94,89,-89
89,-94,89,-89
51,-54,83,-61
99,-102,101,-118
62,-72,62,-69
78,-91,72,-84
86,-97,80,-89
88,-99,82,-91
89,-99,82,-91
89,-100,82,-91
89,-99,82,-91
89,-100,82,-91
89,-99,82,-91
89,-99,82,-91
89,-99,82,-91
89,-99,82,-91
89,-99,82,-91
89,-99,82,-91
89,-99,82,-91
89,-99,82,-91
89,-99,82,-91
89,-99,82,-91
89,-99,82,-91
89,-99,82,-91
58,-63,87,-63
98,-104,106,-117
72,-72,69,-75
78,-91,84,-90
88,-99,94,-96
90,-101,96,-98
91,-101,96,-98
91,-101,97,-98
90,-102,97,-98
90,-102,97,-98
90,-101,97,-98
90,-101,97,-98
90,-101,97,-98
90,-101,97,-98
90,-101,97,-98
90,-101,97,-98
90,-101,97,-98
90,-101,97,-98
90,-101,97,-98
90,-101,97,-98
90,-101,97,-98
89,-101,97,-98
89,-101,97,-98
49,-57,90,-70
105,-104,104,-120
69,-79,68,-75
88,-97,88,-90
94,-104,96,-96
96,-105,98,-98
96,-106,98,-98
96,-106,99,-98
96,-106,98,-98
96,-106,98,-99
96,-106,98,-98
96,-106,98,-98
96,-106,98,-98
96,-106,98,-99
96,-106,98,-98
96,-106,98,-98
96,-106,98,-98
96,-106,97,-98
96,-106,98,-98
96,-106,98,-98
96,-106,98,-98
96,-106,98,-98
52,-63,92,-67
102,-111,111,-124
73,-79,75,-79
83,-95,91,-90
92,-102,100,-95
94,-104,103,-97
95,-104,103,-97
95,-105,103,-97
94,-105,103,-97
95,-105,103,-97
94,-105,103,-97
94,-105,103,-97
94,-105,103,-97
95,-105,103,-97
94,-105,103,-96
94,-105,103,-96
95,-104,103,-97
94,-105,103,-97
94,-105,103,-96
95,-105,103,-96
94,-105,103,-96
94,-105,103,-96
60,-63,87,-67
104,-110,109,-127
80,-84,78,-80
83,-94,84,-90
95,-102,94,-97
98,-104,96,-99
99,-105,97,-99
98,-105,97,-99
99,-105,97,-99
99,-105,97,-99
98,-105,97,-99
99,-105,97,-99
98,-105,97,-99
99,-105,97,-99
99,-105,97,-99
98,-105,97,-99
98,-105,97,-99
98,-105,97,-99
99,-105,97,-99
98,-105,97,-99
98,-105,97,-99
98,-105,97,-99
98,-105,97,-99
53,-64,94,-69
105,-114,115,-126
76,-81,77,-81
89,-99,96,-96
97,-108,105,-103
99,-109,107,-105
100,-110,107,-105
99,-110,106,-105
99,-109,106,-105
99,-110,105,-105
99,-109,105,-105
99,-109,105,-106
99,-109,105,-106
99,-109,105,-106
99,-109,105,-106
99,-110,105,-106
99,-110,105,-106
99,-109,104,-106
99,-109,105,-106
99,-109,105,-106
99,-109,104,-106
99,-109,104,-106
99,-109,104,-106
61,-66,94,-74
106,-110,113,-130
89,-90,84,-88
87,-108,88,-96
100,-118,98,-104
103,-121,100,-106
103,-121,100,-106
103,-121,100,-106
103,-121,100,-106
104,-121,101,-106
103,-121,100,-106
104,-121,100,-106
104,-121,100,-106
103,-121,100,-106
104,-121,100,-106
104,-121,100,-106
104,-121,99,-106
104,-121,100,-106
104,-121,99,-106
104,-121,99,-106
103,-118,99,-106
104,-117,99,-106
104,-117,99,-106
60,-67,100,-76
110,-115,119,-134
83,-94,84,-92
91,-107,95,-98
100,-118,106,-107
103,-121,108,-108
103,-121,109,-109
103,-121,109,-109
103,-121,110,-109
103,-122,109,-109
103,-122,109,-109
103,-122,109,-109
103,-122,109,-109
103,-122,109,-109
103,-121,109,-109
103,-121,109,-109
103,-122,109,-109
103,-122,109,-109
103,-121,109,-109
103,-122,109,-109
103,-121,109,-109
103,-121,109,-108
103,-121,109,-108
69,-74,98,-74
112,-121,117,-136
92,-97,87,-91
91,-109,90,-94
104,-119,100,-102
107,-121,103,-105
108,-122,103,-105
108,-122,103,-105
108,-122,104,-105
108,-122,103,-105
107,-123,103,-105
107,-122,103,-105
108,-122,104,-105
107,-122,104,-105
107,-122,103,-105
108,-122,103,-105
108,-123,104,-105
107,-122,103,-105
107,-122,104,-105
108,-122,103,-105
108,-122,103,-105
108,-122,103,-105
108,-122,103,-105
74,-75,109,-76
118,-121,125,-141
98,-101,93,-95
91,-101,94,-102
106,-112,107,-110
110,-114,110,-113
111,-115,110,-113
111,-114,110,-113
111,-114,110,-113
111,-114,111,-113
111,-114,111,-113
111,-114,111,-113
111,-114,110,-113
111,-114,110,-113
111,-114,111,-113
112,-114,110,-113
112,-114,110,-113
111,-114,111,-113
111,-114,111,-113
111,-114,111,-113
111,-114,110,-113
111,-114,111,-113
111,-114,111,-113
65,-75,109,-77
114,-125,121,-136
89,-98,91,-96
97,-112,94,-102
108,-123,105,-111
110,-126,108,-113
111,-127,109,-113
111,-128,108,-113
111,-127,109,-113
111,-127,109,-113
111,-127,108,-113
111,-127,108,-113
111,-127,108,-113
111,-127,108,-113
111,-127,108,-113
111,-127,109,-113
111,-127,108,-113
111,-127,109,-113
111,-127,109,-113
111,-127,108,-113
111,-127,108,-113
111,-127,108,-113
111,-127,108,-113
72,-80,113,-82
120,-125,124,-141
104,-108,99,-102
98,-107,102,-110
114,-119,116,-120
118,-121,119,-122
119,-122,120,-122
119,-122,121,-122
119,-122,120,-122
119,-122,120,-122
119,-122,120,-122
119,-122,120,-122
119,-122,120,-122
119,-122,120,-122
119,-122,120,-122
119,-122,121,-122
119,-122,121,-122
119,-122,120,-122
119,-122,120,-122
119,-122,121,-122
119,-122,120,-122
119,-122,120,-122
119,-122,120,-122
63,-83,110,-83
118,-131,124,-143
95,-109,103,-105
97,-118,96,-109
108,-129,107,-118
110,-132,110,-120
111,-133,111,-121
111,-133,111,-121
111,-133,111,-121
111,-133,111,-121
111,-132,111,-121
111,-132,111,-121
111,-132,111,-121
111,-132,111,-121
111,-133,111,-121
111,-132,111,-121
111,-132,111,-121
111,-132,111,-121
111,-132,111,-121
111,-133,111,-121
111,-132,111,-121
111,-131,111,-121
111,-131,111,-121
68,-80,111,-87
126,-130,128,-152
90,-105,96,-101
107,-111,104,-108
116,-121,116,-117
118,-124,119,-119
119,-124,120,-119
119,-124,120,-119
119,-124,120,-119
119,-125,120,-119
119,-125,120,-119
119,-125,120,-119
119,-124,120,-118
119,-124,120,-118
119,-125,120,-118
119,-124,120,-118
119,-124,120,-118
119,-124,120,-118
119,-124,120,-118
119,-124,120,-118
119,-124,120,-118
119,-124,120,-118
119,-124,120,-118
69,-85,121,-83
121,-136,134,-145
98,-112,103,-104
96,-118,100,-114
108,-132,112,-123
111,-135,116,-125
111,-136,116,-126
112,-136,116,-126
111,-136,116,-126
111,-136,116,-126
111,-136,116,-126
111,-136,116,-126
111,-136,117,-126
111,-136,116,-126
111,-136,115,-126
111,-136,115,-126
111,-136,116,-126
111,-136,116,-126
112,-136,116,-126
111,-136,116,-126
112,-136,116,-126
111,-136,116,-126
111,-136,116,-126
73,-84,121,-88
124,-131,132,-153
110,-116,106,-117
112,-119,106,-114
128,-132,120,-124
132,-135,124,-127
133,-135,125,-128
134,-135,125,-128
134,-136,125,-128
134,-135,125,-128
134,-136,125,-128
134,-135,125,-128
134,-135,125,-128
134,-135,125,-128
134,-135,125,-128
134,-135,125,-128
134,-135,125,-128
134,-135,125,-128
134,-135,125,-128
134,-135,125,-128
134,-135,125,-128
134,-135,125,-128
134,-135,125,-128
68,-87,127,-91
124,-136,135,-151
100,-119,106,-115
108,-135,103,-115
117,-149,116,-124
120,-152,119,-127
120,-153,119,-127
121,-153,119,-127
121,-153,119,-127
121,-153,119,-127
121,-153,119,-127
121,-153,120,-127
121,-153,120,-126
121,-153,120,-126
121,-154,119,-126
120,-153,119,-125
120,-153,119,-125
120,-153,119,-125
121,-153,119,-124
120,-153,119,-124
120,-153,119,-124
120,-153,120,-123
120,-153,120,-123
78,-88,125,-90
129,-138,134,-161
117,-133,114,-122
107,-116,106,-120
124,-131,121,-131
127,-135,125,-134
128,-135,126,-135
128,-136,126,-135
129,-136,126,-135
128,-136,126,-135
128,-136,126,-135
128,-136,126,-135
128,-136,126,-135
127,-136,126,-135
127,-136,126,-135
127,-136,126,-135
127,-136,126,-135
127,-136,126,-135
127,-136,126,-135
128,-136,126,-135
128,-136,126,-135
128,-135,126,-135
127,-135,126,-135
127,-135,126,-135
72,-94,131,-93
128,-146,140,-157
106,-124,114,-119
110,-126,107,-114
122,-139,121,-124
125,-143,125,-127
125,-144,126,-128
126,-144,126,-128
125,-144,126,-128
125,-144,126,-128
125,-144,126,-128
125,-144,126,-128
126,-144,126,-128
125,-144,126,-128
125,-144,126,-128
125,-144,126,-128
125,-144,126,-128
125,-144,126,-128
125,-144,126,-128
125,-144,126,-128
125,-144,126,-128
126,-144,126,-128
126,-144,126,-128
69,-94,136,-94
132,-142,142,-163
109,-130,121,-126
119,-122,109,-123
130,-139,128,-136
133,-143,133,-139
134,-143,134,-140
134,-144,134,-140
134,-144,134,-139
134,-144,134,-140
134,-144,134,-140
134,-144,134,-139
134,-144,134,-139
134,-144,134,-140
134,-144,134,-140
134,-144,135,-139
134,-144,134,-139
134,-144,134,-140
134,-144,134,-140
134,-144,134,-139
134,-144,135,-139
134,-144,134,-140
134,-144,134,-139
134,-144,134,-139
85,-96,139,-97
133,-142,145,-160
123,-131,122,-133
106,-127,109,-118
123,-145,129,-132
127,-149,133,-135
128,-150,134,-135
128,-150,135,-135
128,-150,135,-135
129,-150,135,-135
129,-150,135,-135
128,-150,135,-135
128,-150,135,-135
128,-150,135,-135
128,-150,135,-135
128,-150,135,-135
128,-150,135,-135
128,-150,135,-135
128,-150,134,-135
128,-150,134,-135
128,-150,134,-135
128,-150,135,-135
128,-150,135,-135
76,-95,139,-98
136,-147,143,-169
117,-138,127,-133
123,-130,109,-126
136,-144,127,-139
139,-147,132,-143
141,-147,133,-144
140,-147,134,-144
141,-147,134,-144
141,-147,134,-144
141,-147,134,-144
141,-147,134,-144
141,-147,133,-144
140,-147,134,-144
140,-146,134,-144
140,-146,134,-144
141,-146,134,-144
140,-146,134,-144
140,-146,134,-144
140,-146,134,-144
140,-146,134,-144
140,-146,134,-144
140,-146,134,-144
140,-146,134,-144
76,-102,136,-100
133,-144,151,-169
119,-139,127,-136
113,-127,117,-117
125,-145,136,-129
128,-149,140,-131
129,-150,141,-132
128,-150,141,-132
128,-150,142,-131
128,-150,142,-132
129,-150,142,-131
129,-150,142,-131
129,-150,142,-131
129,-150,142,-130
129,-150,142,-129
129,-150,142,-129
129,-150,142,-129
129,-150,142,-129
129,-150,142,-129
129,-150,142,-129
128,-151,142,-129
128,-151,141,-129
128,-151,142,-129
128,-151,142,-129
94,-103,140,-95
139,-155,148,-171
127,-141,130,-135
116,-134,104,-130
137,-152,121,-142
143,-157,126,-145
144,-158,127,-146
145,-158,127,-146
145,-158,127,-146
145,-158,127,-146
144,-158,127,-146
144,-158,127,-146
144,-158,127,-146
144,-158,127,-146
144,-158,127,-146
145,-158,127,-146
145,-158,127,-146
145,-158,127,-146
145,-158,127,-146
145,-158,127,-146
144,-158,127,-146
144,-158,127,-146
145,-158,127,-146
145,-158,127,-146
88,-105,144,-104
142,-147,152,-169
128,-140,126,-141
112,-138,121,-127
134,-158,142,-140
140,-162,147,-144
141,-164,148,-145
142,-164,148,-145
142,-164,148,-145
142,-164,148,-145
142,-164,148,-145
142,-164,148,-145
142,-164,148,-145
142,-164,148,-145
142,-164,148,-145
142,-164,148,-144
142,-164,148,-145
142,-164,148,-145
142,-163,148,-145
142,-163,148,-145
142,-164,148,-145
142,-163,148,-145
142,-164,148,-145
142,-164,148,-145
78,-105,139,-105
140,-155,146,-174
126,-146,130,-144
131,-149,119,-124
144,-167,135,-139
147,-172,139,-143
148,-173,141,-143
148,-173,140,-144
148,-173,141,-144
148,-173,141,-144
148,-173,141,-144
148,-173,141,-144
148,-173,141,-144
148,-173,141,-144
148,-173,141,-144
148,-173,141,-144
148,-173,141,-144
148,-173,141,-144
148,-173,141,-144
148,-173,141,-144
148,-173,141,-144
148,-173,141,-144
148,-173,141,-144
148,-173,141,-144
84,-108,147,-102
145,-152,153,-178
124,-151,132,-142
126,-131,124,-127
137,-152,142,-140
140,-157,147,-143
141,-158,147,-144
141,-158,148,-144
141,-158,148,-144
141,-159,148,-144
141,-159,147,-144
141,-159,148,-144
141,-159,147,-144
141,-159,148,-144
141,-159,148,-144
140,-159,147,-144
140,-159,147,-144
141,-159,147,-144
140,-159,147,-144
140,-159,147,-144
140,-159,147,-144
140,-159,147,-144
140,-159,147,-144
95,-105,148,-104
143,-160,155,-179
134,-150,137,-147
115,-133,116,-122
140,-152,137,-138
146,-156,142,-142
148,-158,143,-143
148,-158,143,-144
148,-157,143,-144
148,-157,143,-144
148,-158,144,-144
148,-158,144,-144
148,-158,143,-144
148,-157,143,-144
149,-158,144,-144
149,-157,144,-144
149,-158,143,-144
149,-158,144,-144
149,-158,143,-144
149,-158,143,-144
149,-158,143,-144
149,-158,143,-144
149,-158,143,-144
149,-158,143,-144
102,-109,154,-106
149,-158,158,-181
134,-150,134,-149
116,-135,119,-139
139,-159,139,-157
146,-164,144,-161
148,-166,145,-162
148,-166,146,-162
148,-166,146,-163
148,-166,146,-162
148,-166,145,-162
148,-166,145,-162
148,-166,145,-162
148,-166,145,-162
148,-166,145,-162
148,-166,145,-162
148,-166,145,-162
148,-166,145,-162
148,-166,145,-162
148,-166,144,-163
148,-166,145,-162
148,-166,145,-162
148,-166,145,-163
148,-166,145,-163
95,-108,151,-114
143,-162,157,-180
140,-152,140,-155
127,-144,124,-130
148,-164,143,-147
154,-169,148,-150
155,-170,149,-151
155,-171,149,-151
155,-171,149,-151
155,-171,149,-151
155,-170,149,-151
155,-171,149,-151
155,-171,149,-151
155,-171,149,-151
156,-171,149,-151
155,-171,149,-151
155,-171,149,-151
155,-170,149,-151
155,-171,149,-151
155,-170,149,-151
155,-170,149,-151
155,-170,149,-151
155,-170,149,-151
155,-170,149,-151
87,-115,149,-109
150,-162,157,-185
142,-158,142,-155
123,-140,128,-136
142,-161,150,-153
147,-166,155,-157
148,-167,156,-158
148,-167,156,-158
148,-168,156,-158
148,-167,156,-158
148,-167,156,-158
148,-167,156,-158
148,-167,157,-158
148,-167,157,-158
148,-167,157,-158
148,-167,157,-158
148,-167,157,-158
148,-167,157,-158
148,-167,157,-158
148,-167,157,-158
148,-167,157,-158
148,-167,157,-158
148,-167,157,-158
148,-167,157,-158
86,-114,149,-112
149,-170,163,-185
139,-158,146,-153
128,-145,126,-130
143,-163,145,-146
147,-167,150,-149
148,-168,150,-150
148,-169,151,-150
149,-169,151,-150
149,-169,150,-150
149,-169,151,-150
149,-169,151,-150
149,-169,151,-150
149,-169,150,-150
149,-168,151,-151
148,-169,151,-151
149,-169,151,-151
149,-169,150,-151
149,-169,151,-151
149,-169,150,-151
149,-169,150,-151
149,-168,151,-151
148,-168,150,-151
148,-168,150,-151
86,-117,154,-110
149,-165,167,-192
142,-161,145,-155
134,-135,123,-140
151,-159,148,-158
155,-165,154,-162
156,-166,156,-163
156,-167,156,-163
156,-167,156,-163
156,-167,156,-163
156,-167,156,-163
156,-167,156,-162
156,-167,156,-162
156,-167,156,-162
156,-167,156,-162
156,-167,156,-162
156,-167,156,-162
156,-167,156,-162
156,-167,156,-162
156,-167,156,-162
156,-167,156,-162
156,-167,156,-162
156,-167,156,-162
156,-167,156,-162
103,-114,161,-117
152,-165,169,-186
143,-156,144,-159
129,-156,121,-140
155,-181,141,-160
162,-187,147,-165
164,-189,148,-166
164,-189,149,-166
164,-189,149,-166
164,-189,149,-166
164,-189,149,-166
164,-189,149,-166
164,-189,149,-166
164,-189,149,-166
164,-189,149,-166
164,-189,149,-166
164,-189,149,-166
164,-189,149,-166
164,-189,149,-166
164,-189,149,-166
164,-189,149,-166
164,-189,149,-166
164,-189,149,-166
93,-123,159,-119
157,-168,167,-190
149,-165,145,-161
141,-143,136,-134
159,-165,158,-152
163,-171,163,-157
164,-172,164,-158
164,-172,164,-158
164,-173,165,-158
164,-173,164,-158
164,-173,165,-158
164,-173,165,-158
164,-172,165,-158
164,-172,165,-158
164,-172,165,-158
164,-173,165,-158
164,-172,165,-158
164,-173,164,-158
164,-173,165,-158
164,-173,165,-158
164,-172,164,-158
164,-172,165,-158
164,-172,165,-158
103,-118,160,-116
155,-167,169,-195
152,-166,149,-166
122,-150,122,-133
145,-173,140,-150
152,-179,145,-154
153,-181,146,-155
154,-181,146,-154
154,-181,147,-155
154,-181,146,-154
153,-181,146,-154
154,-181,147,-154
154,-181,146,-154
154,-181,147,-155
153,-181,146,-154
154,-181,146,-154
154,-181,147,-154
154,-181,146,-154
155,-181,146,-154
154,-181,146,-154
154,-181,146,-154
154,-181,146,-154
154,-181,146,-154
154,-181,146,-154
97,-123,164,-114
159,-177,171,-196
148,-168,152,-159
133,-139,134,-141
156,-160,161,-160
162,-166,167,-165
164,-167,169,-166
164,-167,169,-166
164,-168,169,-166
164,-168,169,-166
164,-168,169,-166
164,-167,169,-166
164,-167,169,-166
164,-167,169,-166
164,-167,169,-166
164,-167,169,-166
164,-167,169,-166
164,-167,169,-167
164,-167,170,-167
164,-167,169,-167
164,-167,169,-167
164,-167,169,-167
164,-167,169,-167
164,-167,169,-167
100,-127,166,-122
156,-176,176,-195
150,-162,148,-165
135,-156,126,-149
156,-181,148,-167
161,-187,154,-172
162,-188,156,-173
163,-189,156,-173
162,-189,156,-173
163,-189,156,-173
162,-189,156,-173
163,-189,156,-173
162,-189,156,-173
162,-189,157,-173
162,-189,157,-173
163,-189,157,-173
163,-189,157,-173
163,-189,157,-173
163,-189,157,-173
163,-189,157,-173
162,-189,157,-173
163,-189,157,-173
163,-189,157,-173
112,-125,167,-126
158,-175,173,-197
152,-168,156,-169
136,-148,138,-142
164,-172,165,-159
172,-179,173,-165
174,-181,174,-166
175,-181,175,-166
175,-181,175,-166
174,-181,174,-166
174,-181,175,-167
175,-181,174,-167
175,-181,174,-167
174,-181,174,-167
175,-181,174,-167
175,-181,175,-167
174,-181,175,-167
174,-181,175,-167
174,-181,175,-167
175,-181,175,-167
174,-181,175,-167
174,-181,174,-167
174,-181,174,-167
174,-181,174,-167
103,-128,167,-122
161,-171,181,-201
155,-169,154,-174
128,-154,130,-144
151,-179,151,-162
157,-186,157,-166
159,-188,158,-167
159,-188,159,-167
159,-188,159,-167
159,-188,159,-167
158,-188,158,-168
159,-188,158,-167
159,-188,158,-167
158,-188,159,-167
159,-188,159,-167
158,-188,159,-167
158,-188,158,-167
158,-188,158,-167
158,-188,158,-167
158,-188,158,-167
158,-188,158,-167
158,-188,158,-167
158,-188,158,-167
158,-188,158,-167
98,-127,173,-125
166,-180,177,-206
155,-176,160,-170
144,-150,136,-139
165,-175,162,-159
170,-181,169,-165
171,-182,171,-166
172,-183,171,-166
171,-183,172,-166
172,-183,171,-166
172,-183,171,-166
172,-182,171,-166
172,-183,171,-166
172,-183,171,-166
172,-182,171,-166
172,-183,172,-166
172,-183,172,-166
172,-183,172,-166
172,-183,171,-166
172,-182,172,-166
172,-182,172,-166
172,-182,172,-166
172,-183,172,-166
172,-183,172,-166
103,-128,177,-120
164,-181,184,-201
157,-174,155,-169
140,-161,132,-148
163,-187,157,-167
169,-194,164,-171
170,-196,165,-173
171,-196,166,-173
171,-197,166,-173
171,-197,166,-173
171,-197,166,-173
171,-197,166,-173
171,-196,166,-173
171,-196,165,-173
171,-196,166,-173
170,-196,166,-173
170,-196,166,-173
170,-196,166,-173
170,-196,166,-173
171,-196,166,-173
171,-196,166,-173
171,-196,166,-173
171,-196,165,-173
171,-196,165,-173
104,-133,178,-127
161,-186,179,-204
158,-174,156,-172
142,-160,134,-157
164,-186,161,-181
170,-193,169,-187
172,-195,171,-188
172,-196,171,-189
172,-196,171,-189
172,-196,171,-189
171,-196,171,-189
172,-196,171,-189
172,-196,171,-189
172,-196,171,-189
172,-196,171,-189
172,-196,171,-189
172,-196,171,-189
172,-196,171,-189
172,-196,171,-189
172,-196,171,-189
172,-196,171,-189
172,-196,171,-189
172,-196,171,-189
172,-196,171,-189
103,-135,174,-133
166,-181,181,-204
163,-180,156,-178
142,-166,139,-145
162,-193,162,-165
167,-200,169,-171
169,-202,170,-173
169,-202,171,-173
168,-202,171,-173
169,-202,171,-173
168,-202,171,-173
168,-202,171,-173
168,-202,171,-173
168,-202,171,-173
168,-202,171,-173
168,-202,171,-173
168,-202,171,-173
168,-202,171,-173
168,-202,171,-173
168,-202,171,-173
168,-201,171,-173
168,-201,171,-173
168,-201,171,-173
168,-201,171,-173
97,-128,178,-131
167,-182,180,-211
159,-181,164,-179
145,-154,137,-150
165,-174,163,-173
170,-181,170,-179
171,-182,173,-180
171,-182,173,-181
171,-182,173,-181
171,-182,172,-181
171,-181,172,-181
171,-181,172,-181
171,-181,172,-181
171,-181,173,-181
171,-181,173,-181
171,-181,173,-181
171,-181,173,-181
171,-181,173,-181
172,-181,173,-181
171,-181,173,-181
171,-181,172,-181
171,-181,173,-180
171,-181,172,-181
171,-181,172,-181
96,-136,178,-129
162,-187,180,-216
164,-185,163,-178
137,-156,138,-148
155,-185,161,-167
159,-193,169,-172
161,-195,171,-174
162,-195,171,-174
161,-196,171,-174
161,-196,171,-174
161,-196,171,-174
161,-196,172,-174
161,-196,171,-174
161,-196,172,-174
161,-196,172,-174
161,-196,172,-174
162,-196,172,-174
161,-195,172,-174
161,-196,172,-174
161,-195,172,-174
161,-196,172,-174
161,-196,172,-174
161,-196,171,-173
161,-196,171,-173
113,-130,183,-131
166,-188,185,-214
161,-177,166,-181
147,-156,140,-159
181,-179,167,-186
190,-187,175,-193
193,-189,177,-195
193,-189,177,-196
194,-189,178,-196
194,-189,178,-196
193,-189,178,-196
193,-189,178,-196
194,-189,178,-196
193,-189,178,-196
194,-189,178,-196
193,-189,177,-196
193,-189,177,-196
193,-189,177,-196
193,-189,177,-196
193,-189,177,-196
193,-189,177,-196
194,-189,178,-196
193,-189,177,-196
193,-189,177,-196
103,-137,189,-136
171,-186,186,-214
168,-181,163,-183
142,-171,150,-154
161,-201,176,-174
166,-209,185,-180
168,-211,187,-182
167,-212,187,-182
168,-212,187,-182
168,-212,187,-182
168,-212,188,-182
168,-212,188,-182
168,-212,188,-181
168,-212,187,-182
168,-212,188,-182
168,-212,188,-182
168,-212,188,-182
168,-212,188,-181
167,-212,187,-182
168,-212,187,-182
168,-211,188,-182
167,-211,188,-182
167,-212,188,-182
167,-212,188,-182
102,-138,184,-134
170,-189,187,-213
166,-183,171,-187
165,-162,142,-156
184,-179,168,-177
188,-187,174,-183
189,-189,176,-185
189,-189,177,-185
189,-189,177,-185
189,-189,177,-185
189,-189,177,-186
189,-189,177,-186
189,-189,177,-185
189,-189,177,-185
189,-189,177,-185
189,-189,177,-186
189,-189,177,-186
189,-189,176,-185
189,-189,177,-185
189,-189,176,-185
188,-189,177,-185
189,-189,177,-185
189,-189,177,-185
189,-189,177,-185
114,-141,181,-135
168,-190,187,-224
168,-193,174,-187
147,-167,147,-154
156,-198,168,-176
168,-207,176,-183
170,-210,178,-185
171,-210,178,-185
171,-210,179,-185
171,-210,179,-185
171,-210,179,-185
171,-210,179,-185
171,-210,179,-185
171,-210,179,-185
171,-210,179,-185
171,-210,179,-184
171,-210,179,-185
171,-210,179,-185
171,-210,178,-185
171,-210,178,-185
171,-210,179,-184
171,-210,179,-184
171,-210,179,-185
171,-210,179,-185
98,-137,183,-136
163,-191,195,-216
167,-187,172,-187
160,-166,142,-158
186,-192,168,-180
192,-201,177,-187
193,-203,179,-189
194,-204,179,-189
194,-204,179,-189
194,-204,179,-189
194,-204,179,-189
194,-204,179,-189
194,-205,179,-189
194,-204,179,-189
194,-204,179,-189
194,-204,179,-189
194,-204,179,-189
194,-204,179,-189
194,-204,179,-189
194,-204,179,-189
194,-204,179,-189
194,-204,179,-189
194,-204,179,-189
194,-204,179,-189
103,-145,194,-137
169,-193,195,-222
171,-191,172,-187
152,-172,153,-168
172,-205,172,-194
177,-215,181,-201
179,-218,184,-203
179,-218,184,-204
179,-218,184,-204
179,-219,184,-204
179,-219,183,-204
179,-219,184,-204
179,-219,183,-204
179,-219,183,-204
179,-219,183,-204
179,-219,183,-204
179,-219,183,-204
179,-219,183,-204
179,-219,183,-204
179,-219,183,-204
179,-219,183,-204
179,-219,183,-204
179,-219,183,-204
179,-219,183,-204
113,-142,190,-146
170,-196,195,-220
172,-189,171,-194
156,-176,151,-160
188,-198,176,-185
196,-205,185,-193
199,-207,187,-195
200,-207,188,-196
199,-208,188,-196
199,-208,189,-196
200,-207,188,-196
199,-207,188,-196
199,-207,188,-196
199,-207,188,-196
199,-208,188,-196
199,-207,188,-196
200,-208,188,-196
199,-208,189,-196
199,-207,188,-196
199,-207,188,-196
200,-207,188,-196
199,-207,189,-196
199,-207,188,-196
199,-207,188,-196
130,-144,191,-140
173,-193,189,-225
173,-199,177,-194
168,-174,156,-160
160,-198,175,-178
174,-207,184,-186
178,-210,186,-187
179,-210,187,-187
179,-210,187,-187
179,-211,187,-187
179,-211,187,-187
179,-211,187,-187
179,-211,187,-187
179,-211,187,-187
179,-211,187,-186
179,-211,187,-186
179,-211,187,-186
179,-211,187,-185
179,-211,187,-185
179,-211,187,-185
179,-211,187,-184
179,-210,187,-183
179,-210,187,-183
179,-210,187,-183
106,-145,193,-137
177,-203,202,-230
175,-195,176,-190
166,-169,152,-166
186,-193,182,-192
192,-201,191,-198
193,-203,193,-200
193,-203,193,-200
194,-204,194,-200
194,-204,194,-200
194,-204,194,-201
194,-204,194,-201
194,-204,194,-201
193,-204,194,-200
193,-204,194,-200
194,-204,194,-200
194,-204,194,-201
193,-204,194,-201
193,-204,194,-201
193,-204,194,-200
193,-204,194,-200
194,-203,194,-200
193,-203,194,-200
193,-203,194,-200
122,-147,191,-144
177,-200,198,-228
173,-195,178,-191
160,-175,161,-171
174,-206,189,-193
184,-216,198,-201
186,-218,200,-203
187,-219,200,-203
187,-219,201,-203
187,-219,201,-203
187,-219,201,-203
187,-219,201,-203
187,-219,201,-203
187,-220,201,-203
187,-219,201,-203
187,-219,201,-204
187,-219,201,-203
187,-219,200,-203
187,-219,201,-203
187,-219,200,-203
187,-219,201,-203
187,-219,201,-203
187,-219,201,-203
187,-219,201,-203
103,-143,190,-145
166,-193,200,-224
182,-192,177,-198
163,-187,157,-167
186,-210,179,-192
192,-220,189,-201
193,-222,192,-203
193,-223,192,-203
193,-223,193,-203
193,-224,193,-203
193,-223,193,-203
193,-223,193,-204
193,-224,193,-204
193,-223,192,-203
193,-223,193,-203
193,-223,193,-204
193,-223,193,-204
193,-223,193,-204
193,-223,193,-203
193,-223,193,-204
193,-223,193,-204
194,-223,193,-204
194,-223,192,-204
194,-223,192,-204
119,-148,196,-143
179,-197,197,-228
178,-201,185,-201
155,-178,160,-166
176,-201,182,-187
185,-210,191,-194
187,-213,193,-195
188,-214,193,-196
188,-214,194,-196
188,-214,194,-196
188,-214,194,-196
188,-214,194,-196
188,-214,193,-196
188,-214,194,-196
188,-214,194,-196
188,-214,194,-196
188,-213,194,-196
187,-214,194,-196
187,-214,194,-196
187,-213,194,-196
187,-213,194,-196
187,-213,194,-196
188,-213,194,-196
188,-213,194,-196
131,-147,198,-147
187,-200,203,-240
180,-205,182,-199
161,-185,153,-163
183,-198,168,-186
197,-208,178,-194
201,-210,180,-196
202,-211,181,-197
202,-211,181,-197
202,-211,181,-197
202,-211,180,-197
202,-211,180,-197
202,-211,181,-197
202,-211,181,-196
202,-211,180,-196
202,-211,180,-197
202,-211,181,-197
202,-211,181,-197
202,-211,180,-197
202,-211,181,-197
202,-211,181,-197
202,-211,181,-197
202,-211,181,-197
202,-211,181,-197
128,-154,205,-142
187,-205,205,-229
176,-203,183,-195
166,-177,161,-175
168,-205,195,-198
177,-215,205,-206
179,-218,207,-208
179,-218,208,-209
180,-218,208,-209
179,-218,208,-209
180,-218,208,-208
180,-218,208,-208
179,-218,208,-208
180,-218,208,-208
179,-218,208,-207
179,-218,208,-208
179,-218,208,-208
179,-218,208,-208
179,-218,208,-207
179,-218,208,-208
179,-218,208,-207
179,-218,208,-208
179,-218,208,-207
179,-218,208,-207
124,-148,200,-151
186,-200,209,-235
185,-199,178,-199
162,-191,158,-170
191,-219,178,-191
199,-230,188,-200
201,-232,190,-202
202,-233,191,-202
202,-233,191,-203
202,-233,190,-203
202,-233,190,-203
202,-233,190,-202
202,-233,190,-202
202,-233,190,-202
202,-233,191,-202
202,-233,191,-203
202,-233,191,-203
202,-233,190,-202
202,-233,191,-202
202,-233,190,-202
202,-233,191,-202
202,-233,190,-203
202,-233,191,-202
202,-233,191,-202
109,-156,207,-147
182,-205,200,-230
183,-202,185,-203
163,-190,168,-175
186,-211,201,-200
192,-222,213,-208
193,-225,215,-210
193,-226,216,-210
194,-226,216,-210
194,-226,216,-210
194,-226,216,-210
194,-226,216,-210
194,-226,216,-210
194,-226,216,-210
194,-226,216,-210
194,-226,216,-210
194,-226,216,-210
194,-226,216,-210
194,-226,216,-210
194,-226,216,-210
194,-226,216,-210
194,-226,216,-210
194,-226,216,-210
194,-226,216,-210
121,-149,199,-153
187,-206,204,-240
186,-209,183,-205
155,-188,160,-167
181,-206,176,-191
191,-215,184,-200
194,-218,186,-202
195,-218,187,-202
194,-218,187,-201
194,-218,187,-201
194,-218,187,-202
194,-218,187,-201
194,-218,187,-202
194,-219,187,-202
194,-219,187,-202
194,-219,187,-202
194,-219,187,-201
194,-219,187,-201
194,-219,187,-201
194,-219,187,-201
194,-219,187,-201
194,-218,187,-201
194,-218,187,-201
194,-218,187,-201
119,-164,206,-148
191,-219,203,-240
180,-209,191,-200
161,-179,164,-179
184,-206,189,-202
191,-216,200,-208
193,-219,203,-210
194,-219,203,-210
194,-219,203,-211
194,-219,203,-211
194,-219,203,-211
194,-219,204,-211
194,-219,203,-211
194,-219,203,-211
194,-219,203,-211
194,-219,203,-211
194,-219,203,-211
194,-219,203,-211
194,-219,203,-211
194,-219,203,-211
194,-219,203,-211
194,-219,204,-211
194,-219,203,-211
194,-219,203,-211
125,-148,207,-152
192,-206,208,-237
182,-203,187,-206
160,-194,168,-180
181,-220,179,-203
191,-230,190,-211
194,-232,193,-212
195,-233,194,-213
195,-233,194,-214
194,-233,194,-213
194,-233,194,-212
194,-233,194,-213
194,-233,194,-212
194,-233,194,-213
194,-233,194,-212
194,-233,194,-213
194,-233,194,-213
194,-233,194,-213
194,-233,194,-212
194,-233,194,-212
194,-233,194,-212
194,-233,194,-213
194,-233,194,-212
194,-233,194,-212
116,-161,203,-156
188,-215,209,-237
184,-203,189,-209
172,-198,169,-182
199,-212,196,-197
206,-223,205,-206
207,-226,208,-209
208,-226,208,-209
208,-226,208,-209
208,-226,208,-209
208,-226,209,-209
208,-226,209,-209
208,-226,209,-209
208,-226,209,-209
208,-226,209,-208
208,-226,209,-208
208,-226,209,-208
208,-226,209,-208
208,-226,209,-208
208,-226,209,-208
208,-226,209,-208
208,-226,209,-209
208,-226,209,-208
208,-226,209,-208
113,-150,212,-153
177,-200,208,-244
192,-214,190,-216
159,-205,173,-181
183,-215,172,-195
191,-228,184,-205
193,-232,187,-208
194,-232,187,-209
194,-232,188,-209
194,-233,187,-209
194,-232,188,-209
194,-232,188,-209
194,-232,188,-209
194,-232,188,-209
194,-232,188,-209
194,-232,188,-209
194,-232,187,-209
194,-232,188,-208
194,-232,188,-208
194,-232,188,-208
194,-232,188,-209
194,-232,188,-209
194,-232,187,-209
194,-232,187,-209
123,-166,213,-153
182,-216,209,-247
189,-215,191,-208
167,-197,168,-181
191,-202,193,-198
203,-214,205,-207
206,-217,207,-210
207,-218,208,-210
207,-218,208,-210
207,-218,208,-210
207,-218,208,-210
207,-218,208,-210
207,-218,208,-210
208,-218,208,-210
207,-218,208,-210
207,-218,208,-210
207,-218,208,-210
207,-218,208,-210
207,-218,208,-210
207,-218,208,-210
207,-218,208,-210
207,-218,208,-210
207,-218,208,-210
207,-218,208,-210
121,-158,215,-154
190,-211,213,-243
185,-216,188,-206
166,-197,170,-183
197,-225,180,-212
206,-237,190,-221
208,-240,193,-223
208,-241,194,-224
208,-242,194,-224
208,-241,194,-224
208,-241,194,-224
208,-241,194,-223
208,-241,194,-223
208,-241,194,-224
208,-241,194,-224
208,-241,194,-224
208,-241,194,-223
208,-241,194,-224
208,-241,194,-224
208,-241,194,-223
208,-242,194,-223
208,-241,194,-224
208,-241,194,-224
208,-241,194,-224
142,-161,214,-159
63,-61,77,-111
54,-39,49,-52
50,-30,48,-23
35,-29,29,-15
26,-17,27,-12
28,-7,15,-5
17,-5,6,-2
16,-1,3,-1
4,-1,0,0
2,0,0,0
2,0,0,0
0,0,0,0
0,0,0,0
0,0,0,0
0,0,0,0
0,0,0,0
0,0,0,0
0,0,0,0
0,0,0,0
0,0,0,0
0,0,0,0
0,0,0,0
0,0,0,0
0,0,0,0
0,0,0,0
0,0,0,0
0,0,0,0
0,0,0,0
0,0,0,0
0,0,0,0
0,0,0,0
0,0,0,0
0,0,0,0
0,0,0,0
0,0,0,0
0,0,0,0
0,0,0,0
0,0,0,0
0,0,0,0
0,0,0,0
0,0,0,0
0,0,0,0
-1,0,-1,0
-6,0,-6,0
-5,7,-4,9
-5,3,-6,3
-7,5,-10,6
-11,9,-12,11
-14,12,-16,13
-19,16,-21,18
-22,19,-24,21
-25,25,-28,24
-30,28,-32,29
-34,32,-35,33
-38,35,-40,35
-36,38,-43,38
-34,28,-32,20
-49,45,-49,40
-53,49,-53,47
-53,50,-54,47
-54,50,-54,47
-53,49,-54,46
-52,49,-54,46
-50,47,-54,45
-49,46,-54,45
-48,46,-54,44
-47,45,-54,44
-46,45,-53,44
-46,45,-53,44
-46,45,-53,44
-46,44,-53,44
-45,44,-53,42
-45,44,-49,41
-43,44,-47,40
-42,44,-46,39
-41,44,-46,39
